what,kind,bundleId,bundleVersion,description,time
started,bundle,org.eclipse.debug.core,3.7.1.v20111129-2031,"org.eclipse.debug.core",1393182770459
started,bundle,org.eclipse.jdt.launching,3.6.1.v20111006_r372,"org.eclipse.jdt.launching",1393182770494
started,bundle,org.eclipse.jdt.apt.core,3.3.500.v20110420-1015,"org.eclipse.jdt.apt.core",1393182771407
started,bundle,org.eclipse.jdt.apt.pluggable.core,1.0.400.v20110305-1450,"org.eclipse.jdt.apt.pluggable.core",1393182771418
activated,workbench,org.eclipse.ui.workbench,3.7.1.v20120104-1859,"",1393182771520
executed,command,org.eclipse.ui,3.7.0.v20110928-1505,"org.eclipse.ui.file.import",1393182771545
started,bundle,org.eclipse.compare.core,3.5.200.I20110208-0800,"org.eclipse.compare.core",1393182774338
started,bundle,org.eclipse.compare,3.5.202.R37x_v20111109-0800,"org.eclipse.compare",1393182774352
started,bundle,org.eclipse.wb.core.lib,1.3.0.r37x201202052311,"org.eclipse.wb.core.lib",1393182774868
started,bundle,org.eclipse.wb.core,1.3.0.r37x201202052311,"org.eclipse.wb.core",1393182774941
deactivated,workbench,org.eclipse.ui.workbench,3.7.1.v20120104-1859,"",1393182779761
started,bundle,org.eclipse.jdt.debug,3.7.1.v20111006_r372,"org.eclipse.jdt.debug",1393182782971
started,bundle,org.eclipse.debug.ui,3.7.102.v20111129-1423_r372,"org.eclipse.debug.ui",1393182783088
started,bundle,org.eclipse.jdt.debug.ui,3.6.1.v20111006_r372,"org.eclipse.jdt.debug.ui",1393182783258
started,bundle,org.eclipse.jdt.junit,3.7.0.v20110928-1453,"org.eclipse.jdt.junit",1393182783558
started,bundle,org.eclipse.ant.ui,3.5.101.v20120110-1739,"org.eclipse.ant.ui",1393182783568
activated,workbench,org.eclipse.ui.workbench,3.7.1.v20120104-1859,"",1393182784330
executed,command,org.eclipse.jdt.ui,3.7.2.v20120109-1427,"org.eclipse.jdt.ui.edit.text.java.rename.element",1393182784344
started,bundle,org.eclipse.wst.sse.core,1.1.602.v201112071516,"org.eclipse.wst.sse.core",1393182786521
opened,editor,org.eclipse.jdt.ui,3.7.2.v20120109-1427,"org.eclipse.jdt.ui.CompilationUnitEditor",1393182790438
activated,editor,org.eclipse.jdt.ui,3.7.2.v20120109-1427,"org.eclipse.jdt.ui.CompilationUnitEditor",1393182790812
started,bundle,org.eclipse.wst.xml.core,1.1.602.v201201091944,"org.eclipse.wst.xml.core",1393182791538
started,bundle,org.eclipse.core.variables,3.2.500.v20110928-1503,"org.eclipse.core.variables",1393182791669
activated,view,org.eclipse.jdt.ui,3.7.2.v20120109-1427,"org.eclipse.jdt.ui.PackageExplorer",1393182798228
started,bundle,org.eclipse.wst.sse.ui,1.3.2.v201201041522,"org.eclipse.wst.sse.ui",1393182801724
started,bundle,org.eclipse.wst.xml.ui,1.1.202.v201112071516,"org.eclipse.wst.xml.ui",1393182801739
started,bundle,org.eclipse.wst.common.uriresolver,1.1.401.v201004280700,"org.eclipse.wst.common.uriresolver",1393182802769
started,bundle,org.eclipse.wst.validation,1.2.303.v201202090300,"org.eclipse.wst.validation",1393182803285
started,bundle,org.eclipse.wst.common.project.facet.core,1.4.201.v201201101553,"org.eclipse.wst.common.project.facet.core",1393182803288
started,bundle,org.eclipse.wst.dtd.ui,1.0.600.v201103171359,"org.eclipse.wst.dtd.ui",1393182803452
started,bundle,org.eclipse.emf.common,2.7.0.v20120127-1122,"org.eclipse.emf.common",1393182803492
opened,editor,com.android.ide.eclipse.adt,21.1.0.v201302060044-569685,"com.android.ide.eclipse.editors.CommonXmlEditor",1393182803949
activated,editor,com.android.ide.eclipse.adt,21.1.0.v201302060044-569685,"com.android.ide.eclipse.editors.CommonXmlEditor",1393182804148
deactivated,workbench,org.eclipse.ui.workbench,3.7.1.v20120104-1859,"",1393182842380
activated,workbench,org.eclipse.ui.workbench,3.7.1.v20120104-1859,"",1393182936822
activated,view,org.eclipse.jdt.ui,3.7.2.v20120109-1427,"org.eclipse.jdt.ui.PackageExplorer",1393182936865
activated,editor,com.android.ide.eclipse.adt,21.1.0.v201302060044-569685,"com.android.ide.eclipse.editors.CommonXmlEditor",1393182939127
activated,editor,org.eclipse.jdt.ui,3.7.2.v20120109-1427,"org.eclipse.jdt.ui.CompilationUnitEditor",1393182951488
deactivated,workbench,org.eclipse.ui.workbench,3.7.1.v20120104-1859,"",1393183010679
activated,workbench,org.eclipse.ui.workbench,3.7.1.v20120104-1859,"",1393183082084
started,bundle,org.eclipse.mylyn.ide.ui,3.6.0.v20110608-1400,"org.eclipse.mylyn.ide.ui",1393183088308
started,bundle,org.eclipse.mylyn.java.ui,3.6.0.v20110608-1400,"org.eclipse.mylyn.java.ui",1393183088356
executed,command,org.eclipse.ui,3.7.0.v20110928-1505,"org.eclipse.ui.edit.text.contentAssist.proposals",1393183090226
deactivated,workbench,org.eclipse.ui.workbench,3.7.1.v20120104-1859,"",1393183125120
activated,workbench,org.eclipse.ui.workbench,3.7.1.v20120104-1859,"",1393183209242
executed,command,org.eclipse.ui,3.7.0.v20110928-1505,"org.eclipse.ui.edit.text.contentAssist.proposals",1393183214843
executed,command,org.eclipse.ui,3.7.0.v20110928-1505,"org.eclipse.ui.edit.text.contentAssist.proposals",1393183243790
deactivated,workbench,org.eclipse.ui.workbench,3.7.1.v20120104-1859,"",1393183259109
activated,workbench,org.eclipse.ui.workbench,3.7.1.v20120104-1859,"",1393183259256
executed,command,org.eclipse.ui,3.7.0.v20110928-1505,"org.eclipse.ui.edit.text.contentAssist.proposals",1393183292907
executed,command,org.eclipse.ui,3.7.0.v20110928-1505,"org.eclipse.ui.edit.copy",1393183321872
deactivated,workbench,org.eclipse.ui.workbench,3.7.1.v20120104-1859,"",1393183322786
activated,workbench,org.eclipse.ui.workbench,3.7.1.v20120104-1859,"",1393183353434
executed,command,org.eclipse.ui,3.7.0.v20110928-1505,"org.eclipse.ui.edit.text.contentAssist.proposals",1393183459492
executed,command,org.eclipse.ui,3.7.0.v20110928-1505,"org.eclipse.ui.edit.text.contentAssist.proposals",1393183669033
executed,command,org.eclipse.ui,3.7.0.v20110928-1505,"org.eclipse.ui.edit.undo",1393183716402
executed,command,org.eclipse.ui,3.7.0.v20110928-1505,"org.eclipse.ui.edit.text.contentAssist.proposals",1393183719024
executed,command,org.eclipse.ui,3.7.0.v20110928-1505,"org.eclipse.ui.edit.text.contentAssist.proposals",1393183743647
executed,command,org.eclipse.ui,3.7.0.v20110928-1505,"org.eclipse.ui.edit.text.contentAssist.proposals",1393183756186
executed,command,org.eclipse.ui,3.7.0.v20110928-1505,"org.eclipse.ui.edit.text.contentAssist.proposals",1393183789879
deactivated,workbench,org.eclipse.ui.workbench,3.7.1.v20120104-1859,"",1393183825651
activated,workbench,org.eclipse.ui.workbench,3.7.1.v20120104-1859,"",1393183825800
executed,command,org.eclipse.ui,3.7.0.v20110928-1505,"org.eclipse.ui.edit.cut",1393183869342
executed,command,org.eclipse.ui,3.7.0.v20110928-1505,"org.eclipse.ui.edit.paste",1393183874217
executed,command,org.eclipse.ui,3.7.0.v20110928-1505,"org.eclipse.ui.edit.text.contentAssist.proposals",1393184034684
executed,command,org.eclipse.ui,3.7.0.v20110928-1505,"org.eclipse.ui.edit.text.contentAssist.proposals",1393184038493
executed,command,org.eclipse.ui,3.7.0.v20110928-1505,"org.eclipse.ui.edit.text.contentAssist.proposals",1393184046472
executed,command,org.eclipse.ui,3.7.0.v20110928-1505,"org.eclipse.ui.edit.text.contentAssist.proposals",1393184052160
executed,command,org.eclipse.ui,3.7.0.v20110928-1505,"org.eclipse.ui.edit.text.contentAssist.proposals",1393184068995
executed,command,org.eclipse.ui,3.7.0.v20110928-1505,"org.eclipse.ui.edit.text.contentAssist.proposals",1393184075293
executed,command,org.eclipse.ui,3.7.0.v20110928-1505,"org.eclipse.ui.edit.text.contentAssist.proposals",1393184118583
deactivated,workbench,org.eclipse.ui.workbench,3.7.1.v20120104-1859,"",1393184137419
activated,workbench,org.eclipse.ui.workbench,3.7.1.v20120104-1859,"",1393184137564
started,bundle,org.eclipse.mylyn.java.tasks,3.6.0.v20110608-1400,"org.eclipse.mylyn.java.tasks",1393184148972
executed,command,org.eclipse.ui,3.7.0.v20110928-1505,"org.eclipse.ui.edit.copy",1393184149155
executed,command,org.eclipse.ui,3.7.0.v20110928-1505,"org.eclipse.ui.edit.paste",1393184152013
executed,command,org.eclipse.ui,3.7.0.v20110928-1505,"org.eclipse.ui.edit.copy",1393184173122
executed,command,org.eclipse.ui,3.7.0.v20110928-1505,"org.eclipse.ui.edit.paste",1393184175346
executed,command,org.eclipse.ui,3.7.0.v20110928-1505,"org.eclipse.ui.edit.copy",1393184209756
executed,command,org.eclipse.ui,3.7.0.v20110928-1505,"org.eclipse.ui.edit.paste",1393184211877
executed,command,org.eclipse.ui,3.7.0.v20110928-1505,"org.eclipse.ui.edit.undo",1393184216093
executed,command,org.eclipse.ui,3.7.0.v20110928-1505,"org.eclipse.ui.edit.paste",1393184217209
executed,command,org.eclipse.ui,3.7.0.v20110928-1505,"org.eclipse.ui.edit.undo",1393184218208
executed,command,org.eclipse.ui,3.7.0.v20110928-1505,"org.eclipse.ui.edit.copy",1393184221562
executed,command,org.eclipse.ui,3.7.0.v20110928-1505,"org.eclipse.ui.edit.paste",1393184223591
executed,command,org.eclipse.ui,3.7.0.v20110928-1505,"org.eclipse.ui.edit.text.contentAssist.proposals",1393184292333
executed,command,org.eclipse.ui,3.7.0.v20110928-1505,"org.eclipse.ui.file.save",1393184300274
started,bundle,org.eclipse.jdt.junit.core,3.7.0.v20110928-1453,"org.eclipse.jdt.junit.core",1393184301459
deactivated,workbench,org.eclipse.ui.workbench,3.7.1.v20120104-1859,"",1393184302157
activated,workbench,org.eclipse.ui.workbench,3.7.1.v20120104-1859,"",1393184303641
started,bundle,com.android.ide.eclipse.ddms,21.1.0.v201302060044-569685,"com.android.ide.eclipse.ddms",1393184303758
started,bundle,com.android.ide.eclipse.traceview,21.1.0.v201302060044-569685,"com.android.ide.eclipse.traceview",1393184309073
deactivated,workbench,org.eclipse.ui.workbench,3.7.1.v20120104-1859,"",1393184312614
activated,workbench,org.eclipse.ui.workbench,3.7.1.v20120104-1859,"",1393184326239
executed,command,org.eclipse.ui,3.7.0.v20110928-1505,"org.eclipse.ui.edit.undo",1393184332420
executed,command,org.eclipse.ui,3.7.0.v20110928-1505,"org.eclipse.ui.edit.text.contentAssist.proposals",1393184416084
executed,command,org.eclipse.ui,3.7.0.v20110928-1505,"org.eclipse.ui.edit.text.contentAssist.proposals",1393184419941
executed,command,org.eclipse.ui,3.7.0.v20110928-1505,"org.eclipse.ui.edit.text.contentAssist.proposals",1393184449016
deactivated,workbench,org.eclipse.ui.workbench,3.7.1.v20120104-1859,"",1393184513569
activated,workbench,org.eclipse.ui.workbench,3.7.1.v20120104-1859,"",1393184519213
deactivated,workbench,org.eclipse.ui.workbench,3.7.1.v20120104-1859,"",1393184520594
activated,workbench,org.eclipse.ui.workbench,3.7.1.v20120104-1859,"",1393184521648
deactivated,workbench,org.eclipse.ui.workbench,3.7.1.v20120104-1859,"",1393184524138
activated,workbench,org.eclipse.ui.workbench,3.7.1.v20120104-1859,"",1393184526690
executed,command,org.eclipse.ui,3.7.0.v20110928-1505,"org.eclipse.ui.edit.text.contentAssist.proposals",1393184560358
error,log,,,"No command output when running: 'am start -n COM.TQC.GDD01/COM.TQC.GDD01.GDD01 -a android.intent.action.MAIN -c android.intent.category.LAUNCHER' on device emulator-5554",1393184576772
executed,command,org.eclipse.ui,3.7.0.v20110928-1505,"org.eclipse.ui.file.save",1393184604608
deactivated,workbench,org.eclipse.ui.workbench,3.7.1.v20120104-1859,"",1393184625628
activated,workbench,org.eclipse.ui.workbench,3.7.1.v20120104-1859,"",1393184632788
executed,command,org.eclipse.ui,3.7.0.v20110928-1505,"org.eclipse.ui.file.save",1393184642699
deactivated,workbench,org.eclipse.ui.workbench,3.7.1.v20120104-1859,"",1393184658399
activated,workbench,org.eclipse.ui.workbench,3.7.1.v20120104-1859,"",1393184697726
executed,command,org.eclipse.ui,3.7.0.v20110928-1505,"org.eclipse.ui.edit.copy",1393184707353
deactivated,workbench,org.eclipse.ui.workbench,3.7.1.v20120104-1859,"",1393184708322
activated,workbench,org.eclipse.ui.workbench,3.7.1.v20120104-1859,"",1393184846576
deactivated,workbench,org.eclipse.ui.workbench,3.7.1.v20120104-1859,"",1393184848860
activated,workbench,org.eclipse.ui.workbench,3.7.1.v20120104-1859,"",1393184850027
deactivated,workbench,org.eclipse.ui.workbench,3.7.1.v20120104-1859,"",1393184850847
activated,workbench,org.eclipse.ui.workbench,3.7.1.v20120104-1859,"",1393184888263
executed,command,org.eclipse.ui,3.7.0.v20110928-1505,"org.eclipse.ui.edit.text.contentAssist.proposals",1393184894494
executed,command,org.eclipse.ui,3.7.0.v20110928-1505,"org.eclipse.ui.edit.undo",1393184920827
executed,command,org.eclipse.ui,3.7.0.v20110928-1505,"org.eclipse.ui.edit.text.contentAssist.proposals",1393184922473
executed,command,org.eclipse.ui,3.7.0.v20110928-1505,"org.eclipse.ui.edit.copy",1393184940480
deactivated,workbench,org.eclipse.ui.workbench,3.7.1.v20120104-1859,"",1393184941522
activated,workbench,org.eclipse.ui.workbench,3.7.1.v20120104-1859,"",1393184945062
executed,command,org.eclipse.ui,3.7.0.v20110928-1505,"org.eclipse.ui.edit.copy",1393184946336
deactivated,workbench,org.eclipse.ui.workbench,3.7.1.v20120104-1859,"",1393184946890
activated,workbench,org.eclipse.ui.workbench,3.7.1.v20120104-1859,"",1393184949375
executed,command,org.eclipse.ui,3.7.0.v20110928-1505,"org.eclipse.ui.edit.copy",1393184950678
deactivated,workbench,org.eclipse.ui.workbench,3.7.1.v20120104-1859,"",1393184951132
activated,workbench,org.eclipse.ui.workbench,3.7.1.v20120104-1859,"",1393185099821
executed,command,org.eclipse.ui,3.7.0.v20110928-1505,"org.eclipse.ui.file.save",1393185186905
deactivated,workbench,org.eclipse.ui.workbench,3.7.1.v20120104-1859,"",1393185188424
activated,workbench,org.eclipse.ui.workbench,3.7.1.v20120104-1859,"",1393185622282
executed,command,org.eclipse.ui,3.7.0.v20110928-1505,"org.eclipse.ui.edit.selectAll",1393185623428
executed,command,org.eclipse.ui,3.7.0.v20110928-1505,"org.eclipse.ui.edit.copy",1393185624207
deactivated,workbench,org.eclipse.ui.workbench,3.7.1.v20120104-1859,"",1393185624806
activated,workbench,org.eclipse.ui.workbench,3.7.1.v20120104-1859,"",1393185900187
executed,command,org.eclipse.ui,3.7.0.v20110928-1505,"org.eclipse.ui.edit.paste",1393185901696
executed,command,org.eclipse.ui,3.7.0.v20110928-1505,"org.eclipse.ui.file.save",1393185904623
executed,command,org.eclipse.ui,3.7.0.v20110928-1505,"org.eclipse.ui.file.save",1393185929663
deactivated,workbench,org.eclipse.ui.workbench,3.7.1.v20120104-1859,"",1393185948871
executed,command,org.eclipse.ui.workbench.texteditor,3.7.0.v20110928-1504,"org.eclipse.ui.edit.text.showInformation",1393185948933
activated,workbench,org.eclipse.ui.workbench,3.7.1.v20120104-1859,"",1393185950674
deactivated,workbench,org.eclipse.ui.workbench,3.7.1.v20120104-1859,"",1393185951019
activated,workbench,org.eclipse.ui.workbench,3.7.1.v20120104-1859,"",1393185953027
executed,command,,,"AUTOGEN:::org.eclipse.jdt.internal.ui.CompilationUnitEditor.ruler.actions/org.eclipse.jdt.internal.ui.javaeditor.JavaSelectRulerAction",1393186000844
executed,command,org.eclipse.ui,3.7.0.v20110928-1505,"org.eclipse.ui.edit.undo",1393186014393
executed,command,org.eclipse.ui,3.7.0.v20110928-1505,"org.eclipse.ui.edit.undo",1393186038550
executed,command,org.eclipse.ui,3.7.0.v20110928-1505,"org.eclipse.ui.edit.undo",1393186038868
executed,command,org.eclipse.ui,3.7.0.v20110928-1505,"org.eclipse.ui.edit.undo",1393186039228
executed,command,org.eclipse.ui,3.7.0.v20110928-1505,"org.eclipse.ui.edit.undo",1393186039576
executed,command,org.eclipse.ui,3.7.0.v20110928-1505,"org.eclipse.ui.edit.undo",1393186039949
executed,command,org.eclipse.ui,3.7.0.v20110928-1505,"org.eclipse.ui.edit.undo",1393186040339
executed,command,org.eclipse.ui,3.7.0.v20110928-1505,"org.eclipse.ui.file.save",1393186048147
activated,view,org.eclipse.jdt.ui,3.7.2.v20120109-1427,"org.eclipse.jdt.ui.PackageExplorer",1393186050535
deactivated,workbench,org.eclipse.ui.workbench,3.7.1.v20120104-1859,"",1393186054299
closed,editor,org.eclipse.jdt.ui,3.7.2.v20120109-1427,"org.eclipse.jdt.ui.CompilationUnitEditor",1393186059653
closed,editor,com.android.ide.eclipse.adt,21.1.0.v201302060044-569685,"com.android.ide.eclipse.editors.CommonXmlEditor",1393186059719
activated,workbench,org.eclipse.ui.workbench,3.7.1.v20120104-1859,"",1393186059946
executed,command,org.eclipse.jdt.ui,3.7.2.v20120109-1427,"org.eclipse.jdt.ui.edit.text.java.rename.element",1393186059974
executed,command,org.eclipse.ui.ide,3.7.0.v20110928-1505,"org.eclipse.ui.project.closeProject",1393186067622
deactivated,workbench,org.eclipse.ui.workbench,3.7.1.v20120104-1859,"",1393186070630
activated,workbench,org.eclipse.ui.workbench,3.7.1.v20120104-1859,"",1393186071765
closed,workbench,org.eclipse.ui.workbench,3.7.1.v20120104-1859,"",1393186072018
stopped,bundle,org.eclipse.m2e.logback.configuration,1.0.200.20111228-1245,"org.eclipse.m2e.logback.configuration",1393186072866
stopped,bundle,org.eclipse.m2e.discovery,1.0.200.20111228-1245,"org.eclipse.m2e.discovery",1393186072872
stopped,bundle,org.eclipse.m2e.refactoring,1.0.200.20111228-1245,"org.eclipse.m2e.refactoring",1393186072873
stopped,bundle,org.eclipse.m2e.editor,1.0.200.20111228-1245,"org.eclipse.m2e.editor",1393186072876
stopped,bundle,org.eclipse.m2e.editor.xml,1.0.200.20111228-1245,"org.eclipse.m2e.editor.xml",1393186072880
stopped,bundle,org.eclipse.m2e.jdt,1.0.200.20111228-1245,"org.eclipse.m2e.jdt",1393186072883
stopped,bundle,org.eclipse.m2e.launching,1.0.200.20111228-1245,"org.eclipse.m2e.launching",1393186072885
stopped,bundle,org.eclipse.m2e.usagedata,1.0.200.20111228-1245,"org.eclipse.m2e.usagedata",1393186072885
stopped,bundle,overlay.com.android.ide.eclipse.adt.overlay,21.1.0.v201302060044-569685,"overlay.com.android.ide.eclipse.adt.overlay",1393186072887
stopped,bundle,com.android.ide.eclipse.adt,21.1.0.v201302060044-569685,"com.android.ide.eclipse.adt",1393186072887
stopped,bundle,org.eclipse.ui.cheatsheets,3.4.100.v20110425,"org.eclipse.ui.cheatsheets",1393186072890
stopped,bundle,org.eclipse.help.ui,3.5.101.r37_20110819,"org.eclipse.help.ui",1393186072915
stopped,bundle,org.eclipse.help.webapp,3.6.1.r37_20110929,"org.eclipse.help.webapp",1393186072966
stopped,bundle,org.eclipse.epp.mpc.ui,1.1.1.I20110907-0947,"org.eclipse.epp.mpc.ui",1393186072968
stopped,bundle,org.eclipse.epp.usagedata.ui,1.3.1.R201106061540,"org.eclipse.epp.usagedata.ui",1393186072973
stopped,bundle,org.eclipse.ui.intro.universal,3.2.500.v20110510,"org.eclipse.ui.intro.universal",1393186072987
stopped,bundle,org.eclipse.ui.intro,3.4.100.v20110425,"org.eclipse.ui.intro",1393186072991
stopped,bundle,org.eclipse.help.base,3.6.2.v201202080800,"org.eclipse.help.base",1393186072997
stopped,bundle,org.eclipse.equinox.http.jetty,2.0.100.v20110502,"org.eclipse.equinox.http.jetty",1393186073024
stopped,bundle,org.eclipse.m2e.core.ui,1.0.200.20111228-1245,"org.eclipse.m2e.core.ui",1393186073054
activated,perspective,org.eclipse.jdt.ui,,"org.eclipse.jdt.ui.JavaPerspective",1393290295671
started,bundle,org.eclipse.osgi,3.7.2.v20120110-1415,"org.eclipse.osgi",1393290295674
started,bundle,org.eclipse.equinox.simpleconfigurator,1.0.200.v20110815-1438,"org.eclipse.equinox.simpleconfigurator",1393290295676
started,bundle,com.ibm.icu,4.4.2.v20110823,"com.ibm.icu",1393290295677
started,bundle,org.eclipse.core.contenttype,3.4.100.v20110423-0524,"org.eclipse.core.contenttype",1393290295678
started,bundle,org.eclipse.core.databinding.observable,1.4.0.I20110222-0800,"org.eclipse.core.databinding.observable",1393290295679
started,bundle,org.eclipse.core.expressions,3.4.300.v20110228,"org.eclipse.core.expressions",1393290295680
started,bundle,org.eclipse.core.filebuffers,3.5.200.v20110928-1504,"org.eclipse.core.filebuffers",1393290295681
started,bundle,org.eclipse.core.filesystem,1.3.100.v20110423-0524,"org.eclipse.core.filesystem",1393290295713
started,bundle,org.eclipse.core.jobs,3.5.101.v20120113-1953,"org.eclipse.core.jobs",1393290295715
started,bundle,org.eclipse.core.net,1.2.100.I20110511-0800,"org.eclipse.core.net",1393290295716
started,bundle,org.eclipse.core.resources,3.7.101.v20120125-1505,"org.eclipse.core.resources",1393290295764
started,bundle,org.eclipse.core.runtime,3.7.0.v20110110,"org.eclipse.core.runtime",1393290295765
started,bundle,org.eclipse.core.runtime.compatibility,3.2.100.v20100505,"org.eclipse.core.runtime.compatibility",1393290295766
started,bundle,org.eclipse.core.runtime.compatibility.auth,3.2.200.v20110110,"org.eclipse.core.runtime.compatibility.auth",1393290295768
started,bundle,org.eclipse.egit.core,1.3.0.201202151440-r,"org.eclipse.egit.core",1393290295892
started,bundle,org.eclipse.egit.ui,1.3.0.201202151440-r,"org.eclipse.egit.ui",1393290295943
started,bundle,org.eclipse.epp.mpc.ui,1.1.1.I20110907-0947,"org.eclipse.epp.mpc.ui",1393290295944
started,bundle,org.eclipse.epp.usagedata.gathering,1.3.1.R201106061540,"org.eclipse.epp.usagedata.gathering",1393290295945
started,bundle,org.eclipse.epp.usagedata.recording,1.3.1.R201106061540,"org.eclipse.epp.usagedata.recording",1393290295946
started,bundle,org.eclipse.equinox.app,1.3.100.v20110321,"org.eclipse.equinox.app",1393290295948
started,bundle,org.eclipse.equinox.common,3.6.0.v20110523,"org.eclipse.equinox.common",1393290295949
started,bundle,org.eclipse.equinox.ds,1.3.1.R37x_v20110701,"org.eclipse.equinox.ds",1393290295951
started,bundle,org.eclipse.equinox.event,1.2.100.v20110502,"org.eclipse.equinox.event",1393290295953
started,bundle,org.eclipse.equinox.p2.core,2.1.1.v20120113-1346,"org.eclipse.equinox.p2.core",1393290295954
started,bundle,org.eclipse.equinox.p2.directorywatcher,1.0.300.v20110815-1419,"org.eclipse.equinox.p2.directorywatcher",1393290295956
started,bundle,org.eclipse.equinox.p2.engine,2.1.1.R37x_v20111003,"org.eclipse.equinox.p2.engine",1393290295958
started,bundle,org.eclipse.equinox.p2.metadata,2.1.0.v20110815-1419,"org.eclipse.equinox.p2.metadata",1393290295959
started,bundle,org.eclipse.equinox.p2.metadata.repository,1.2.0.v20110815-1419,"org.eclipse.equinox.p2.metadata.repository",1393290295961
started,bundle,org.eclipse.equinox.p2.operations,2.1.1.R37x_v20111111,"org.eclipse.equinox.p2.operations",1393290295962
started,bundle,org.eclipse.equinox.p2.reconciler.dropins,1.1.100.v20110815-1419,"org.eclipse.equinox.p2.reconciler.dropins",1393290295963
started,bundle,org.eclipse.equinox.p2.repository,2.1.1.v20120113-1346,"org.eclipse.equinox.p2.repository",1393290295965
started,bundle,org.eclipse.equinox.p2.ui.sdk.scheduler,1.0.100.v20110815-1419,"org.eclipse.equinox.p2.ui.sdk.scheduler",1393290295966
started,bundle,org.eclipse.equinox.p2.updatechecker,1.1.200.v20110815-1419,"org.eclipse.equinox.p2.updatechecker",1393290295967
started,bundle,org.eclipse.equinox.preferences,3.4.2.v20120111-2020,"org.eclipse.equinox.preferences",1393290295968
started,bundle,org.eclipse.equinox.registry,3.5.101.R37x_v20110810-1611,"org.eclipse.equinox.registry",1393290295969
started,bundle,org.eclipse.equinox.security,1.1.1.R37x_v20110822-1018,"org.eclipse.equinox.security",1393290295988
started,bundle,org.eclipse.equinox.util,1.0.300.v20110502,"org.eclipse.equinox.util",1393290295990
started,bundle,org.eclipse.help,3.5.100.v20110426,"org.eclipse.help",1393290295991
started,bundle,org.eclipse.jdt.core,3.7.3.v20120119-1537,"org.eclipse.jdt.core",1393290296000
started,bundle,org.eclipse.jdt.core.manipulation,1.4.0.v20110928-1453,"org.eclipse.jdt.core.manipulation",1393290296001
started,bundle,org.eclipse.jdt.ui,3.7.2.v20120109-1427,"org.eclipse.jdt.ui",1393290296023
started,bundle,org.eclipse.jface,3.7.0.v20110928-1505,"org.eclipse.jface",1393290296024
started,bundle,org.eclipse.jgit,1.3.0.201202151440-r,"org.eclipse.jgit",1393290296028
started,bundle,org.eclipse.jsch.core,1.1.300.I20110514-0800,"org.eclipse.jsch.core",1393290296029
started,bundle,org.eclipse.m2e.logback.configuration,1.0.200.20111228-1245,"org.eclipse.m2e.logback.configuration",1393290296031
started,bundle,org.eclipse.mylyn.bugzilla.core,3.6.5.v20120123-0100,"org.eclipse.mylyn.bugzilla.core",1393290296033
started,bundle,org.eclipse.mylyn.bugzilla.ui,3.6.0.v20110608-1400,"org.eclipse.mylyn.bugzilla.ui",1393290296034
started,bundle,org.eclipse.mylyn.commons.identity,0.8.0.v20110608-1400,"org.eclipse.mylyn.commons.identity",1393290296036
started,bundle,org.eclipse.mylyn.commons.net,3.6.0.v20110608-1400,"org.eclipse.mylyn.commons.net",1393290296036
started,bundle,org.eclipse.mylyn.commons.ui,3.6.1.v20110720-0100,"org.eclipse.mylyn.commons.ui",1393290296038
started,bundle,org.eclipse.mylyn.context.core,3.6.1.v20110720-0100,"org.eclipse.mylyn.context.core",1393290296039
started,bundle,org.eclipse.mylyn.context.ui,3.6.1.v20120112-0100,"org.eclipse.mylyn.context.ui",1393290296053
started,bundle,org.eclipse.mylyn.monitor.ui,3.6.0.v20110608-1400,"org.eclipse.mylyn.monitor.ui",1393290296054
started,bundle,org.eclipse.mylyn.tasks.ui,3.6.5.v20120215-0100,"org.eclipse.mylyn.tasks.ui",1393290296060
started,bundle,org.eclipse.mylyn.team.ui,3.6.1.v20110825-0100,"org.eclipse.mylyn.team.ui",1393290296062
started,bundle,org.eclipse.search,3.7.0.v20110928-1504,"org.eclipse.search",1393290296063
started,bundle,org.eclipse.team.core,3.6.0.I20110525-0800,"org.eclipse.team.core",1393290296064
started,bundle,org.eclipse.team.cvs.core,3.3.400.I20110510-0800,"org.eclipse.team.cvs.core",1393290296066
started,bundle,org.eclipse.team.cvs.ui,3.3.401.v20120126-1227,"org.eclipse.team.cvs.ui",1393290296069
started,bundle,org.eclipse.team.ui,3.6.101.R37x_v20111109-0800,"org.eclipse.team.ui",1393290296070
started,bundle,org.eclipse.ui,3.7.0.v20110928-1505,"org.eclipse.ui",1393290296082
started,bundle,org.eclipse.ui.console,3.5.100.v20111007_r372,"org.eclipse.ui.console",1393290296083
started,bundle,org.eclipse.ui.editors,3.7.0.v20110928-1504,"org.eclipse.ui.editors",1393290296084
started,bundle,org.eclipse.ui.forms,3.5.101.v20111011-1919,"org.eclipse.ui.forms",1393290296092
started,bundle,org.eclipse.ui.ide,3.7.0.v20110928-1505,"org.eclipse.ui.ide",1393290296111
started,bundle,org.eclipse.ui.net,1.2.100.v20111208-1155,"org.eclipse.ui.net",1393290296113
started,bundle,org.eclipse.ui.views,3.6.0.v20110928-1505,"org.eclipse.ui.views",1393290296114
started,bundle,org.eclipse.ui.workbench,3.7.1.v20120104-1859,"org.eclipse.ui.workbench",1393290296116
started,bundle,org.eclipse.ui.workbench.texteditor,3.7.0.v20110928-1504,"org.eclipse.ui.workbench.texteditor",1393290296117
started,bundle,org.eclipse.update.configurator,3.3.100.v20100512,"org.eclipse.update.configurator",1393290296119
started,bundle,org.eclipse.update.core,3.2.500.v20110330,"org.eclipse.update.core",1393290296124
started,bundle,org.eclipse.update.scheduler,3.2.300.v20100512,"org.eclipse.update.scheduler",1393290296125
started,bundle,org.eclipse.wb.discovery.core,1.3.0.r37x201202052340,"org.eclipse.wb.discovery.core",1393290296127
os,sysinfo,,,"win32",1393290296150
